# from	to	note
# Conservative news terminology; ambiguous words are deliberately excluded.
# Geographic usage references: https://www.cna.com.tw/tag/18707/
# https://www.cna.com.tw/tag/30163/ and https://www.cna.com.tw/topic/newstopic/3424.aspx
視頻會議	視訊會議	通訊
視頻通話	視訊通話	通訊
視頻聊天	視訊聊天	通訊
視頻	影片	媒體
軟件工程師	軟體工程師	資訊
軟件	軟體	資訊
硬件	硬體	資訊
網絡安全	網路安全	資訊
網絡	網路	資訊
互聯網	網際網路	資訊
人工智能	人工智慧	資訊
芯片	晶片	半導體
服務器	伺服器	資訊
數據庫	資料庫	資訊
打印機	印表機	資訊
打印	列印	資訊
屏幕	螢幕	資訊
默認	預設	資訊
激光	雷射	科技
導彈	飛彈	軍事
航母	航艦	軍事
出租車	計程車	交通
社交媒體	社群媒體	媒體
智能手機	智慧型手機	資訊
筆記本電腦	筆記型電腦	資訊
硅谷	矽谷	科技
納米	奈米	科技
光刻機	曝光機	半導體
日元	日圓	貨幣
美聯儲	聯準會	金融
首席執行官	執行長	企業
首席財務官	財務長	企業
首席運營官	營運長	企業
首席技術官	技術長	企業
外賣	外送	服務
博客	部落格	媒體
短信	簡訊	通訊
鼠標	滑鼠	資訊
操作系統	作業系統	資訊
操作軟件	操作軟體	資訊
應用程序	應用程式	資訊
計算機科學	電腦科學	學科
個人計算機	個人電腦	資訊
超級計算機	超級電腦	資訊
台式電腦	桌上型電腦	資訊
臺式電腦	桌上型電腦	資訊
移動設備	行動裝置	資訊
移動電話	行動電話	通訊
移動支付	行動支付	金融
移動通信	行動通訊	通訊
智能手錶	智慧型手錶	資訊
智能音箱	智慧音箱	資訊
智能家居	智慧家庭	資訊
智能電網	智慧電網	能源
智能城市	智慧城市	城市
智能製造	智慧製造	產業
雲計算	雲端運算	資訊
雲存儲	雲端儲存	資訊
內存	記憶體	資訊
硬盤	硬碟	資訊
固態硬盤	固態硬碟	資訊
閃存	快閃記憶體	資訊
優盤	隨身碟	資訊
U盤	隨身碟	資訊
光盤	光碟	資訊
光驅	光碟機	資訊
驅動程序	驅動程式	資訊
源代碼	原始碼	資訊
開源軟件	開源軟體	資訊
開源硬件	開源硬體	資訊
編程語言	程式語言	資訊
編程	程式設計	資訊
程序員	程式設計師	資訊
算法	演算法	資訊
鏈接	連結	資訊
超鏈接	超連結	資訊
局域網	區域網路	資訊
廣域網	廣域網路	資訊
調製解調器	數據機	資訊
帶寬	頻寬	資訊
字節	位元組	資訊
二進制	二進位	資訊
十六進制	十六進位	資訊
分辨率	解析度	資訊
像素	畫素	資訊
搜索引擎	搜尋引擎	資訊
搜索	搜尋	資訊
數字貨幣	數位貨幣	金融
數字經濟	數位經濟	經濟
數字化	數位化	資訊
數字技術	數位技術	資訊
數字平台	數位平台	資訊
數字身份	數位身分	資訊
數字轉型	數位轉型	資訊
數字媒體	數位媒體	資訊
數字廣告	數位廣告	資訊
數字人民幣	數位人民幣	金融
網約車	網路叫車	交通
電動公交車	電動公車	交通
公交車	公車	交通
公交系統	公共運輸系統	交通
共享單車	共享自行車	交通
摩托車	機車	交通
集裝箱	貨櫃	運輸
貨運集裝箱	貨運貨櫃	運輸
航天員	太空人	太空
航天器	太空載具	太空
宇航員	太空人	太空
空間站	太空站	太空
航天飛機	太空梭	太空
彈道導彈	彈道飛彈	軍事
巡航導彈	巡弋飛彈	軍事
洲際導彈	洲際飛彈	軍事
防空導彈	防空飛彈	軍事
反艦導彈	反艦飛彈	軍事
坦克	戰車	軍事
航空發動機	航空引擎	航空
新能源汽車	新能源車	汽車
核聚變	核融合	能源
核裂變	核分裂	能源
核電站	核電廠	能源
發電站	發電廠	能源
可再生能源	再生能源	能源
可持續發展	永續發展	環境
可持續性	永續性	環境
全球變暖	全球暖化	環境
垃圾填埋場	垃圾掩埋場	環境
塑料	塑膠	材料
醫保	醫療保險	醫療
世衛組織	世界衛生組織	國際組織
世貿組織	世界貿易組織	國際組織
國際貨幣基金組織	國際貨幣基金	國際組織
歐盟委員會	歐盟執委會	國際組織
特赦國際	國際特赦組織	組織
英偉達	輝達	企業
臺積電	台積電	企業
優步	Uber	企業在台名稱
空中客車	空中巴士	企業
洛克希德·馬丁	洛克希德馬丁	企業
特朗普	川普	人物
普京	普丁	人物
澤連斯基	澤倫斯基	人物
馬克龍	馬克宏	人物
內塔尼亞胡	納坦雅胡	人物
埃爾多安	艾爾段	人物
斯塔默	施凱爾	人物
默茨	梅爾茨	人物
萬斯	范斯	人物
魯比奧	盧比歐	人物
奧巴馬	歐巴馬	人物
克林頓	柯林頓	人物
布什	布希	人物
默克爾	梅克爾	人物
肖爾茨	蕭茲	人物
馮德萊恩	范德賴恩	人物
範斯	范斯	修正OpenCC對姓氏的字形轉換
範德賴恩	范德賴恩	修正OpenCC對姓氏的字形轉換
鮑威爾	鮑爾	人物
耶倫	葉倫	人物
奧爾班	奧班	人物
米萊	米雷	人物
米雷伊	米雷	人物
杜特爾特	杜特蒂	人物
馬科斯	馬可仕	人物
昂山素季	翁山蘇姬	人物
他信	塔克辛	人物
哈梅內伊	哈米尼	人物
新西蘭	紐西蘭	地名
澳大利亞	澳洲	地名
意大利	義大利	地名
悉尼	雪梨	地名
老撾	寮國	地名
文萊	汶萊	地名
沙特阿拉伯	沙烏地阿拉伯	地名
卡塔爾	卡達	地名
也門	葉門	地名
加沙	加薩	地名
突尼斯	突尼西亞	地名
尼日利亞	奈及利亞	地名
肯尼亞	肯亞	地名
坦桑尼亞	坦尚尼亞	地名
埃塞俄比亞	衣索比亞	地名
索馬里	索馬利亞	地名
索馬裡	索馬利亞	修正OpenCC轉換後地名
贊比亞	尚比亞	地名
津巴布韋	辛巴威	地名
加納	迦納	地名
盧旺達	盧安達	地名
莫桑比克	莫三比克	地名
危地馬拉	瓜地馬拉	地名
洪都拉斯	宏都拉斯	地名
哥斯達黎加	哥斯大黎加	地名
厄瓜多爾	厄瓜多	地名
圭亞那	蓋亞那	地名
格魯吉亞	喬治亞	地名
阿塞拜疆	亞塞拜然	地名
哈薩克斯坦	哈薩克	地名
烏茲別克斯坦	烏茲別克	地名
吉爾吉斯斯坦	吉爾吉斯	地名
塔吉克斯坦	塔吉克	地名
克羅地亞	克羅埃西亞	地名
斯洛文尼亞	斯洛維尼亞	地名
塞浦路斯	賽普勒斯	地名
馬耳他	馬爾他	地名
巴布亞新幾內亞	巴布亞紐幾內亞	地名
所羅門群島	索羅門群島	地名
瑙魯	諾魯	地名
圖瓦盧	吐瓦魯	地名
帕勞	帛琉	地名
瓦努阿圖	萬那杜	地名
基里巴斯	吉里巴斯	地名
湯加	東加	地名
阿聯酋	阿拉伯聯合大公國	地名
阿拉伯聯合酋長國	阿拉伯聯合大公國	地名
迪拜	杜拜	地名
多哈	杜哈	地名
阿布扎比	阿布達比	地名
孟加拉國	孟加拉	地名
塞拉利昂	獅子山	地名
科特迪瓦	象牙海岸	地名
岡比亞	甘比亞	地名
布基納法索	布吉納法索	地名
塞舌爾	塞席爾	地名
毛里求斯	模里西斯	地名
毛里塔尼亞	茅利塔尼亞	地名
毛裡塔尼亞	茅利塔尼亞	修正OpenCC轉換後地名
博茨瓦納	波札那	地名
斯威士蘭	史瓦帝尼	地名
埃斯瓦蒂尼	史瓦帝尼	地名
萊索托	賴索托	地名
馬拉維	馬拉威	地名
貝寧	貝南	地名
佛得角	維德角	地名
乍得	查德	地名
科摩羅	葛摩	地名
列支敦士登	列支敦斯登	地名
波斯尼亞和黑塞哥維那	波士尼亞與赫塞哥維納	地名
波黑	波士尼亞與赫塞哥維納	地名
聖馬力諾	聖馬利諾	地名
伯利茲	貝里斯	地名
安提瓜和巴布達	安地卡及巴布達	地名
多米尼加	多明尼加	地名
格林納達	格瑞那達	地名
聖盧西亞	聖露西亞	地名
聖文森特和格林納丁斯	聖文森及格瑞那丁	地名
聖基茨和尼維斯	聖克里斯多福及尼維斯	地名
特立尼達和多巴哥	千里達及托巴哥	地名
千里達及託巴哥	千里達及托巴哥	修正OpenCC轉換後地名
蘇里南	蘇利南	地名
蘇裡南	蘇利南	修正OpenCC轉換後地名
漢城	首爾	韓國城市現名
荷里活	好萊塢	地名
比特率	位元率	資訊
比特數	位元數	資訊
宣佈	宣布	教育部標準字形
公佈	公布	教育部標準字形
分佈	分布	教育部標準字形
計劃	計畫	台灣名詞用法
威懾	嚇阻	台灣安全政策用語
阻遏	遏阻	台灣安全政策用語
以后	以後	明確的后字複合詞
然后	然後	明確的后字複合詞
之后	之後	明確的后字複合詞
后来	後來	明確的后字複合詞
最后	最後	明確的后字複合詞
前后	前後	明確的后字複合詞
背后	背後	明確的后字複合詞
落后	落後	明確的后字複合詞
后果	後果	明確的后字複合詞
